{
    "1.0_2.0_20_5_50": 0.45161290322580644,
    "1.0_2.0_20_5_100": 0.3548387096774194,
    "1.0_2.0_20_5_150": 0.4838709677419355,
    "1.0_2.0_20_5_200": 0.3225806451612903,
    "1.0_2.0_20_5_250": 0.4838709677419355,
    "1.0_2.0_20_5_300": 0.2903225806451613,
    "1.0_2.0_20_5_350": 0.4,
    "1.0_2.0_20_5_400": 0.3548387096774194
}