{
    "1.0_2.0_20_3_50": 0.2,
    "1.0_2.0_20_3_100": 0.22,
    "1.0_2.0_20_3_150": 0.2,
    "1.0_2.0_20_3_200": 0.20408163265306123,
    "1.0_2.0_20_3_250": 0.2,
    "1.0_2.0_20_3_300": 0.21153846153846154,
    "1.0_2.0_20_3_350": 0.2,
    "1.0_2.0_20_3_400": 0.2,
    "1.0_2.0_20_4_50": 0.19607843137254902,
    "1.0_2.0_20_4_100": 0.22,
    "1.0_2.0_20_4_150": 0.2,
    "1.0_2.0_20_4_200": 0.20408163265306123,
    "1.0_2.0_20_4_250": 0.2,
    "1.0_2.0_20_4_300": 0.21153846153846154,
    "1.0_2.0_20_4_350": 0.2,
    "1.0_2.0_20_4_400": 0.2,
    "1.0_2.0_20_5_50": 0.19607843137254902,
    "1.0_2.0_20_5_100": 0.22,
    "1.0_2.0_20_5_150": 0.2,
    "1.0_2.0_20_5_200": 0.20408163265306123,
    "1.0_2.0_20_5_250": 0.20408163265306123,
    "1.0_2.0_20_5_300": 0.21153846153846154,
    "1.0_2.0_20_5_350": 0.2,
    "1.0_2.0_20_5_400": 0.2,
    "1.0_2.0_25_3_50": 0.20408163265306123,
    "1.0_2.0_25_3_100": 0.22448979591836735,
    "1.0_2.0_25_3_150": 0.2,
    "1.0_2.0_25_3_200": 0.20408163265306123,
    "1.0_2.0_25_3_250": 0.20408163265306123,
    "1.0_2.0_25_3_300": 0.21153846153846154,
    "1.0_2.0_25_3_350": 0.2,
    "1.0_2.0_25_3_400": 0.2,
    "1.0_2.0_25_4_50": 0.2,
    "1.0_2.0_25_4_100": 0.22448979591836735,
    "1.0_2.0_25_4_150": 0.2,
    "1.0_2.0_25_4_200": 0.20408163265306123,
    "1.0_2.0_25_4_250": 0.20408163265306123,
    "1.0_2.0_25_4_300": 0.21153846153846154,
    "1.0_2.0_25_4_350": 0.2,
    "1.0_2.0_25_4_400": 0.2,
    "1.0_2.0_25_5_50": 0.2,
    "1.0_2.0_25_5_100": 0.22448979591836735,
    "1.0_2.0_25_5_150": 0.2,
    "1.0_2.0_25_5_200": 0.20408163265306123,
    "1.0_2.0_25_5_250": 0.20408163265306123,
    "1.0_2.0_25_5_300": 0.21153846153846154,
    "1.0_2.0_25_5_350": 0.2,
    "1.0_2.0_25_5_400": 0.2,
    "1.0_2.0_30_3_50": 0.2,
    "1.0_2.0_30_3_100": 0.22448979591836735,
    "1.0_2.0_30_3_150": 0.2,
    "1.0_2.0_30_3_200": 0.20408163265306123,
    "1.0_2.0_30_3_250": 0.2,
    "1.0_2.0_30_3_300": 0.21153846153846154,
    "1.0_2.0_30_3_350": 0.2,
    "1.0_2.0_30_3_400": 0.2,
    "1.0_2.0_30_4_50": 0.2,
    "1.0_2.0_30_4_100": 0.22448979591836735,
    "1.0_2.0_30_4_150": 0.2,
    "1.0_2.0_30_4_200": 0.20408163265306123,
    "1.0_2.0_30_4_250": 0.2,
    "1.0_2.0_30_4_300": 0.21153846153846154,
    "1.0_2.0_30_4_350": 0.2,
    "1.0_2.0_30_4_400": 0.2,
    "1.0_2.0_30_5_50": 0.2,
    "1.0_2.0_30_5_100": 0.22448979591836735,
    "1.0_2.0_30_5_150": 0.2,
    "1.0_2.0_30_5_200": 0.20408163265306123,
    "1.0_2.0_30_5_250": 0.20408163265306123,
    "1.0_2.0_30_5_300": 0.21153846153846154,
    "1.0_2.0_30_5_350": 0.2,
    "1.0_2.0_30_5_400": 0.2,
    "1.0_3.0_20_3_50": 0.2,
    "1.0_3.0_20_3_100": 0.22,
    "1.0_3.0_20_3_150": 0.2,
    "1.0_3.0_20_3_200": 0.20408163265306123,
    "1.0_3.0_20_3_250": 0.2,
    "1.0_3.0_20_3_300": 0.21153846153846154,
    "1.0_3.0_20_3_350": 0.2,
    "1.0_3.0_20_3_400": 0.2,
    "1.0_3.0_20_4_50": 0.2,
    "1.0_3.0_20_4_100": 0.22,
    "1.0_3.0_20_4_150": 0.2,
    "1.0_3.0_20_4_200": 0.20408163265306123,
    "1.0_3.0_20_4_250": 0.20408163265306123,
    "1.0_3.0_20_4_300": 0.21153846153846154,
    "1.0_3.0_20_4_350": 0.2,
    "1.0_3.0_20_4_400": 0.2,
    "1.0_3.0_20_5_50": 0.2,
    "1.0_3.0_20_5_100": 0.22,
    "1.0_3.0_20_5_150": 0.2,
    "1.0_3.0_20_5_200": 0.20408163265306123,
    "1.0_3.0_20_5_250": 0.20408163265306123,
    "1.0_3.0_20_5_300": 0.21153846153846154,
    "1.0_3.0_20_5_350": 0.2,
    "1.0_3.0_20_5_400": 0.2,
    "1.0_3.0_25_3_50": 0.20408163265306123,
    "1.0_3.0_25_3_100": 0.22448979591836735,
    "1.0_3.0_25_3_150": 0.2,
    "1.0_3.0_25_3_200": 0.20408163265306123,
    "1.0_3.0_25_3_250": 0.20408163265306123,
    "1.0_3.0_25_3_300": 0.21153846153846154,
    "1.0_3.0_25_3_350": 0.2,
    "1.0_3.0_25_3_400": 0.2,
    "1.0_3.0_25_4_50": 0.20408163265306123,
    "1.0_3.0_25_4_100": 0.22448979591836735,
    "1.0_3.0_25_4_150": 0.2,
    "1.0_3.0_25_4_200": 0.20408163265306123,
    "1.0_3.0_25_4_250": 0.2,
    "1.0_3.0_25_4_300": 0.21153846153846154,
    "1.0_3.0_25_4_350": 0.2,
    "1.0_3.0_25_4_400": 0.2,
    "1.0_3.0_25_5_50": 0.20408163265306123,
    "1.0_3.0_25_5_100": 0.22448979591836735,
    "1.0_3.0_25_5_150": 0.2,
    "1.0_3.0_25_5_200": 0.20408163265306123,
    "1.0_3.0_25_5_250": 0.2,
    "1.0_3.0_25_5_300": 0.21153846153846154,
    "1.0_3.0_25_5_350": 0.2,
    "1.0_3.0_25_5_400": 0.2,
    "1.0_3.0_30_3_50": 0.20408163265306123,
    "1.0_3.0_30_3_100": 0.22448979591836735,
    "1.0_3.0_30_3_150": 0.2,
    "1.0_3.0_30_3_200": 0.20408163265306123,
    "1.0_3.0_30_3_250": 0.20408163265306123,
    "1.0_3.0_30_3_300": 0.21153846153846154,
    "1.0_3.0_30_3_350": 0.2,
    "1.0_3.0_30_3_400": 0.2,
    "1.0_3.0_30_4_50": 0.20408163265306123,
    "1.0_3.0_30_4_100": 0.22448979591836735,
    "1.0_3.0_30_4_150": 0.2,
    "1.0_3.0_30_4_200": 0.20408163265306123,
    "1.0_3.0_30_4_250": 0.20408163265306123,
    "1.0_3.0_30_4_300": 0.20754716981132076,
    "1.0_3.0_30_4_350": 0.2,
    "1.0_3.0_30_4_400": 0.2,
    "1.0_3.0_30_5_50": 0.20408163265306123,
    "1.0_3.0_30_5_100": 0.22448979591836735,
    "1.0_3.0_30_5_150": 0.2,
    "1.0_3.0_30_5_200": 0.20408163265306123,
    "1.0_3.0_30_5_250": 0.2,
    "1.0_3.0_30_5_300": 0.21153846153846154,
    "1.0_3.0_30_5_350": 0.2,
    "1.0_3.0_30_5_400": 0.2,
    "1.0_4.0_20_3_50": 0.2,
    "1.0_4.0_20_3_100": 0.22,
    "1.0_4.0_20_3_150": 0.2,
    "1.0_4.0_20_3_200": 0.20408163265306123,
    "1.0_4.0_20_3_250": 0.2,
    "1.0_4.0_20_3_300": 0.20754716981132076,
    "1.0_4.0_20_3_350": 0.2,
    "1.0_4.0_20_3_400": 0.2,
    "1.0_4.0_20_4_50": 0.2,
    "1.0_4.0_20_4_100": 0.22,
    "1.0_4.0_20_4_150": 0.2,
    "1.0_4.0_20_4_200": 0.20408163265306123,
    "1.0_4.0_20_4_250": 0.20408163265306123,
    "1.0_4.0_20_4_300": 0.20754716981132076,
    "1.0_4.0_20_4_350": 0.2,
    "1.0_4.0_20_4_400": 0.2,
    "1.0_4.0_20_5_50": 0.2,
    "1.0_4.0_20_5_100": 0.22,
    "1.0_4.0_20_5_150": 0.2,
    "1.0_4.0_20_5_200": 0.20408163265306123,
    "1.0_4.0_20_5_250": 0.20408163265306123,
    "1.0_4.0_20_5_300": 0.21153846153846154,
    "1.0_4.0_20_5_350": 0.2,
    "1.0_4.0_20_5_400": 0.2,
    "1.0_4.0_25_3_50": 0.20408163265306123,
    "1.0_4.0_25_3_100": 0.22448979591836735,
    "1.0_4.0_25_3_150": 0.2,
    "1.0_4.0_25_3_200": 0.20408163265306123,
    "1.0_4.0_25_3_250": 0.20408163265306123,
    "1.0_4.0_25_3_300": 0.20754716981132076,
    "1.0_4.0_25_3_350": 0.2,
    "1.0_4.0_25_3_400": 0.2,
    "1.0_4.0_25_4_50": 0.20408163265306123,
    "1.0_4.0_25_4_100": 0.22448979591836735,
    "1.0_4.0_25_4_150": 0.2,
    "1.0_4.0_25_4_200": 0.20408163265306123,
    "1.0_4.0_25_4_250": 0.20408163265306123,
    "1.0_4.0_25_4_300": 0.21153846153846154,
    "1.0_4.0_25_4_350": 0.2,
    "1.0_4.0_25_4_400": 0.2,
    "1.0_4.0_25_5_50": 0.20408163265306123,
    "1.0_4.0_25_5_100": 0.22448979591836735,
    "1.0_4.0_25_5_150": 0.2,
    "1.0_4.0_25_5_200": 0.20408163265306123,
    "1.0_4.0_25_5_250": 0.20408163265306123,
    "1.0_4.0_25_5_300": 0.21153846153846154,
    "1.0_4.0_25_5_350": 0.2,
    "1.0_4.0_25_5_400": 0.2,
    "1.0_4.0_30_3_50": 0.20408163265306123,
    "1.0_4.0_30_3_100": 0.22448979591836735,
    "1.0_4.0_30_3_150": 0.2,
    "1.0_4.0_30_3_200": 0.20408163265306123,
    "1.0_4.0_30_3_250": 0.2,
    "1.0_4.0_30_3_300": 0.21153846153846154,
    "1.0_4.0_30_3_350": 0.2,
    "1.0_4.0_30_3_400": 0.2,
    "1.0_4.0_30_4_50": 0.20408163265306123,
    "1.0_4.0_30_4_100": 0.22448979591836735,
    "1.0_4.0_30_4_150": 0.2,
    "1.0_4.0_30_4_200": 0.20408163265306123,
    "1.0_4.0_30_4_250": 0.20408163265306123,
    "1.0_4.0_30_4_300": 0.21153846153846154,
    "1.0_4.0_30_4_350": 0.2,
    "1.0_4.0_30_4_400": 0.2,
    "1.0_4.0_30_5_50": 0.20408163265306123,
    "1.0_4.0_30_5_100": 0.22448979591836735,
    "1.0_4.0_30_5_150": 0.2,
    "1.0_4.0_30_5_200": 0.20408163265306123,
    "1.0_4.0_30_5_250": 0.20408163265306123,
    "1.0_4.0_30_5_300": 0.20754716981132076,
    "1.0_4.0_30_5_350": 0.2,
    "1.0_4.0_30_5_400": 0.2,
    "2.0_2.0_20_3_50": 0.20408163265306123,
    "2.0_2.0_20_3_100": 0.22916666666666666,