{
    "1_50": 0.2631578947368421,
    "1_100": 0.2807017543859649,
    "1_150": 0.2631578947368421,
    "1_200": 0.2631578947368421,
    "1_250": 0.24561403508771928,
    "1_300": 0.2631578947368421,
    "1_350": 0.24561403508771928,
    "1_400": 0.22807017543859648,
    "2_50": 0.3333333333333333,
    "2_100": 0.3157894736842105,
    "2_150": 0.3157894736842105,
    "2_200": 0.3157894736842105,
    "2_250": 0.24561403508771928,
    "2_300": 0.2631578947368421,
    "2_350": 0.2631578947368421,
    "2_400": 0.24561403508771928,
    "3_50": 0.2982456140350877,
    "3_100": 0.2982456140350877,
    "3_150": 0.2982456140350877,
    "3_200": 0.3333333333333333,
    "3_250": 0.3157894736842105,
    "3_300": 0.2807017543859649,
    "3_350": 0.2807017543859649,
    "3_400": 0.2631578947368421,
    "4_50": 0.3157894736842105,
    "4_100": 0.2807017543859649,
    "4_150": 0.2807017543859649,
    "4_200": 0.2982456140350877,
    "4_250": 0.2982456140350877,
    "4_300": 0.2631578947368421,
    "4_350": 0.2807017543859649,
    "4_400": 0.2631578947368421,
    "5_50": 0.3333333333333333,
    "5_100": 0.3333333333333333,
    "5_150": 0.3333333333333333,
    "5_200": 0.3333333333333333,
    "5_250": 0.3157894736842105,
    "5_300": 0.2807017543859649,
    "5_350": 0.2807017543859649,
    "5_400": 0.2807017543859649,
    "6_50": 0.3333333333333333,
    "6_100": 0.3333333333333333,
    "6_150": 0.2982456140350877,
    "6_200": 0.3333333333333333,
    "6_250": 0.2982456140350877,
    "6_300": 0.2631578947368421,
    "6_350": 0.2631578947368421,
    "6_400": 0.2631578947368421,
    "7_50": 0.3157894736842105,
    "7_100": 0.3157894736842105,
    "7_150": 0.3157894736842105,
    "7_200": 0.3333333333333333,
    "7_250": 0.3157894736842105,
    "7_300": 0.2631578947368421,
    "7_350": 0.2982456140350877,
    "7_400": 0.2631578947368421,
    "8_50": 0.3157894736842105,
    "8_100": 0.3157894736842105,
    "8_150": 0.2982456140350877,
    "8_200": 0.3157894736842105,
    "8_250": 0.2982456140350877,
    "8_300": 0.2631578947368421,
    "8_350": 0.2631578947368421,
    "8_400": 0.2807017543859649,
    "9_50": 0.3333333333333333,
    "9_100": 0.3333333333333333,
    "9_150": 0.2982456140350877,
    "9_200": 0.3157894736842105,
    "9_250": 0.2807017543859649,
    "9_300": 0.2807017543859649,
    "9_350": 0.2807017543859649,
    "9_400": 0.2807017543859649,
    "10_50": 0.3333333333333333,
    "10_100": 0.3333333333333333,
    "10_150": 0.3157894736842105,
    "10_200": 0.3157894736842105,
    "10_250": 0.2982456140350877,
    "10_300": 0.2807017543859649,
    "10_350": 0.2631578947368421,
    "10_400": 0.2631578947368421,
    "20_50": 0.3333333333333333,
    "20_100": 0.3333333333333333,
    "20_150": 0.3333333333333333,
    "20_200": 0.3333333333333333,
    "20_250": 0.3333333333333333,
    "20_300": 0.2982456140350877,
    "20_350": 0.2982456140350877,
    "20_400": 0.2982456140350877,
    "30_50": 0.3333333333333333,
    "30_100": 0.3333333333333333,
    "30_150": 0.3333333333333333,
    "30_200": 0.3333333333333333,
    "30_250": 0.3333333333333333,
    "30_300": 0.3333333333333333,
    "30_350": 0.3333333333333333,
    "30_400": 0.2982456140350877,
    "40_50": 0.3333333333333333,
    "40_100": 0.3333333333333333,
    "40_150": 0.3333333333333333,
    "40_200": 0.3333333333333333,
    "40_250": 0.3333333333333333,
    "40_300": 0.3333333333333333,
    "40_350": 0.3333333333333333,
    "40_400": 0.3333333333333333,
    "50_50": 0.3333333333333333,
    "50_100": 0.3333333333333333,
    "50_150": 0.3333333333333333,
    "50_200": 0.3333333333333333,
    "50_250": 0.3333333333333333,
    "50_300": 0.3333333333333333,
    "50_350": 0.2982456140350877,
    "50_400": 0.3157894736842105,
    "60_50": 0.3333333333333333,
    "60_100": 0.3333333333333333,
    "60_150": 0.3333333333333333,
    "60_200": 0.3333333333333333,
    "60_250": 0.3333333333333333,
    "60_300": 0.3333333333333333,
    "60_350": 0.3333333333333333,
    "60_400": 0.3157894736842105,
    "70_50": 0.3333333333333333,
    "70_100": 0.3333333333333333,
    "70_150": 0.3333333333333333,
    "70_200": 0.3333333333333333,
    "70_250": 0.3333333333333333,
    "70_300": 0.3333333333333333,
    "70_350": 0.3333333333333333,
    "70_400": 0.3157894736842105,
    "80_50": 0.3333333333333333,
    "80_100": 0.3333333333333333,
    "80_150": 0.3333333333333333,
    "80_200": 0.3333333333333333,
    "80_250": 0.3333333333333333,
    "80_300": 0.3333333333333333,
    "80_350": 0.3157894736842105,
    "80_400": 0.3157894736842105,
    "90_50": 0.3333333333333333,
    "90_100": 0.3333333333333333,
    "90_150": 0.3333333333333333,
    "90_200": 0.3333333333333333,
    "90_250": 0.3333333333333333,
    "90_300": 0.3333333333333333,
    "90_350": 0.3333333333333333,
    "90_400": 0.3157894736842105
}