{
    "1_1.0_21_4.0_50": 0.6521739130434783,
    "1_1.0_21_4.0_100": 0.6086956521739131,
    "1_1.0_21_4.0_150": 0.6231884057971014,
    "1_1.0_21_4.0_200": 0.6231884057971014,
    "1_1.0_21_4.0_250": 0.6231884057971014,
    "1_1.0_21_4.0_300": 0.6231884057971014,
    "1_1.0_21_4.0_350": 0.6231884057971014,
    "1.5_1.0_21_4.0_50": 0.6521739130434783,
    "1.5_1.0_21_4.0_100": 0.6086956521739131,
    "1.5_1.0_21_4.0_150": 0.6231884057971014,
    "1.5_1.0_21_4.0_200": 0.6231884057971014,
    "1.5_1.0_21_4.0_250": 0.6231884057971014,
    "1.5_1.0_21_4.0_300": 0.6231884057971014,
    "1.5_1.0_21_4.0_350": 0.6231884057971014,
    "2_1.0_21_4.0_50": 0.6521739130434783,
    "2_1.0_21_4.0_100": 0.6086956521739131,
    "2_1.0_21_4.0_150": 0.6231884057971014,
    "2_1.0_21_4.0_200": 0.6231884057971014,
    "2_1.0_21_4.0_250": 0.6231884057971014,
    "2_1.0_21_4.0_300": 0.6231884057971014,
    "2_1.0_21_4.0_350": 0.6231884057971014
}