{
    "1.0_2.0_20_3_50": 0.5797101449275363,
    "1.0_2.0_20_3_100": 0.5797101449275363,
    "1.0_2.0_20_3_150": 0.5797101449275363,
    "1.0_2.0_20_3_200": 0.5797101449275363,
    "1.0_2.0_20_3_250": 0.5797101449275363,
    "1.0_2.0_20_3_300": 0.5942028985507246,
    "1.0_2.0_20_3_350": 0.5797101449275363,
    "1.0_2.0_20_4_50": 0.5652173913043478,
    "1.0_2.0_20_4_100": 0.5797101449275363,
    "1.0_2.0_20_4_150": 0.5797101449275363,
    "1.0_2.0_20_4_200": 0.5797101449275363,
    "1.0_2.0_20_4_250": 0.5797101449275363,
    "1.0_2.0_20_4_300": 0.5942028985507246,
    "1.0_2.0_20_4_350": 0.5797101449275363,
    "1.0_2.0_20_5_50": 0.5797101449275363,
    "1.0_2.0_20_5_100": 0.5797101449275363,
    "1.0_2.0_20_5_150": 0.5797101449275363,
    "1.0_2.0_20_5_200": 0.5797101449275363,
    "1.0_2.0_20_5_250": 0.5797101449275363,
    "1.0_2.0_20_5_300": 0.5942028985507246,
    "1.0_2.0_20_5_350": 0.5797101449275363,
    "1.0_2.0_25_3_50": 0.5797101449275363,
    "1.0_2.0_25_3_100": 0.5797101449275363,
    "1.0_2.0_25_3_150": 0.5797101449275363,
    "1.0_2.0_25_3_200": 0.5797101449275363,
    "1.0_2.0_25_3_250": 0.5797101449275363,
    "1.0_2.0_25_3_300": 0.5942028985507246,
    "1.0_2.0_25_3_350": 0.5797101449275363,
    "1.0_2.0_25_4_50": 0.5652173913043478,
    "1.0_2.0_25_4_100": 0.5797101449275363,
    "1.0_2.0_25_4_150": 0.5797101449275363,
    "1.0_2.0_25_4_200": 0.5797101449275363,
    "1.0_2.0_25_4_250": 0.5797101449275363,
    "1.0_2.0_25_4_300": 0.5942028985507246,
    "1.0_2.0_25_4_350": 0.5797101449275363,
    "1.0_2.0_25_5_50": 0.5797101449275363,
    "1.0_2.0_25_5_100": 0.5797101449275363,
    "1.0_2.0_25_5_150": 0.5797101449275363,
    "1.0_2.0_25_5_200": 0.5797101449275363,
    "1.0_2.0_25_5_250": 0.5797101449275363,
    "1.0_2.0_25_5_300": 0.5942028985507246,
    "1.0_2.0_25_5_350": 0.5797101449275363,
    "1.0_2.0_30_3_50": 0.5797101449275363,
    "1.0_2.0_30_3_100": 0.5797101449275363,
    "1.0_2.0_30_3_150": 0.5797101449275363,
    "1.0_2.0_30_3_200": 0.5797101449275363,
    "1.0_2.0_30_3_250": 0.5797101449275363,
    "1.0_2.0_30_3_300": 0.5942028985507246,
    "1.0_2.0_30_3_350": 0.5797101449275363,
    "1.0_2.0_30_4_50": 0.5652173913043478,
    "1.0_2.0_30_4_100": 0.5797101449275363,
    "1.0_2.0_30_4_150": 0.5797101449275363,
    "1.0_2.0_30_4_200": 0.5797101449275363,
    "1.0_2.0_30_4_250": 0.5797101449275363,
    "1.0_2.0_30_4_300": 0.5942028985507246,
    "1.0_2.0_30_4_350": 0.5797101449275363,
    "1.0_2.0_30_5_50": 0.5797101449275363,
    "1.0_2.0_30_5_100": 0.5797101449275363,
    "1.0_2.0_30_5_150": 0.5797101449275363,
    "1.0_2.0_30_5_200": 0.5797101449275363,
    "1.0_2.0_30_5_250": 0.5797101449275363,
    "1.0_2.0_30_5_300": 0.5942028985507246,
    "1.0_2.0_30_5_350": 0.5797101449275363,
    "1.0_3.0_20_3_50": 0.5797101449275363,
    "1.0_3.0_20_3_100": 0.5652173913043478,
    "1.0_3.0_20_3_150": 0.5797101449275363,
    "1.0_3.0_20_3_200": 0.5797101449275363,
    "1.0_3.0_20_3_250": 0.5797101449275363,
    "1.0_3.0_20_3_300": 0.5942028985507246,
    "1.0_3.0_20_3_350": 0.5797101449275363,
    "1.0_3.0_20_4_50": 0.5652173913043478,
    "1.0_3.0_20_4_100": 0.5652173913043478,
    "1.0_3.0_20_4_150": 0.5797101449275363,
    "1.0_3.0_20_4_200": 0.5797101449275363,
    "1.0_3.0_20_4_250": 0.5797101449275363,
    "1.0_3.0_20_4_300": 0.5942028985507246,
    "1.0_3.0_20_4_350": 0.5797101449275363,
    "1.0_3.0_20_5_50": 0.5797101449275363,
    "1.0_3.0_20_5_100": 0.5652173913043478,
    "1.0_3.0_20_5_150": 0.5797101449275363,
    "1.0_3.0_20_5_200": 0.5797101449275363,
    "1.0_3.0_20_5_250": 0.5797101449275363,
    "1.0_3.0_20_5_300": 0.5942028985507246,
    "1.0_3.0_20_5_350": 0.5797101449275363,
    "1.0_3.0_25_3_50": 0.5797101449275363,
    "1.0_3.0_25_3_100": 0.5652173913043478,
    "1.0_3.0_25_3_150": 0.5797101449275363,
    "1.0_3.0_25_3_200": 0.5797101449275363,
    "1.0_3.0_25_3_250": 0.5797101449275363,
    "1.0_3.0_25_3_300": 0.5942028985507246,
    "1.0_3.0_25_3_350": 0.5797101449275363,
    "1.0_3.0_25_4_50": 0.5797101449275363,
    "1.0_3.0_25_4_100": 0.5652173913043478,
    "1.0_3.0_25_4_150": 0.5797101449275363,
    "1.0_3.0_25_4_200": 0.5797101449275363,
    "1.0_3.0_25_4_250": 0.5797101449275363,
    "1.0_3.0_25_4_300": 0.5942028985507246,
    "1.0_3.0_25_4_350": 0.5797101449275363,
    "1.0_3.0_25_5_50": 0.5797101449275363,
    "1.0_3.0_25_5_100": 0.5652173913043478,
    "1.0_3.0_25_5_150": 0.5797101449275363,
    "1.0_3.0_25_5_200": 0.5797101449275363,
    "1.0_3.0_25_5_250": 0.5797101449275363,
    "1.0_3.0_25_5_300": 0.5942028985507246,
    "1.0_3.0_25_5_350": 0.5797101449275363,
    "1.0_3.0_30_3_50": 0.5797101449275363,
    "1.0_3.0_30_3_100": 0.5797101449275363,
    "1.0_3.0_30_3_150": 0.5797101449275363,
    "1.0_3.0_30_3_200": 0.5797101449275363,
    "1.0_3.0_30_3_250": 0.5797101449275363,
    "1.0_3.0_30_3_300": 0.5942028985507246,
    "1.0_3.0_30_3_350": 0.5797101449275363,
    "1.0_3.0_30_4_50": 0.5797101449275363,
    "1.0_3.0_30_4_100": 0.5652173913043478,
    "1.0_3.0_30_4_150": 0.5797101449275363,
    "1.0_3.0_30_4_200": 0.5797101449275363,
    "1.0_3.0_30_4_250": 0.5797101449275363,
    "1.0_3.0_30_4_300": 0.5942028985507246,
    "1.0_3.0_30_4_350": 0.5797101449275363,
    "1.0_3.0_30_5_50": 0.5797101449275363,
    "1.0_3.0_30_5_100": 0.5652173913043478,
    "1.0_3.0_30_5_150": 0.5797101449275363,
    "1.0_3.0_30_5_200": 0.5797101449275363,
    "1.0_3.0_30_5_250": 0.5797101449275363,
    "1.0_3.0_30_5_300": 0.5942028985507246,
    "1.0_3.0_30_5_350": 0.5797101449275363,
    "1.0_4.0_20_3_50": 0.5797101449275363,
    "1.0_4.0_20_3_100": 0.5652173913043478,
    "1.0_4.0_20_3_150": 0.5797101449275363,
    "1.0_4.0_20_3_200": 0.5797101449275363,
    "1.0_4.0_20_3_250": 0.5797101449275363,
    "1.0_4.0_20_3_300": 0.5942028985507246,
    "1.0_4.0_20_3_350": 0.5797101449275363,
    "1.0_4.0_20_4_50": 0.5797101449275363,
    "1.0_4.0_20_4_100": 0.5652173913043478,
    "1.0_4.0_20_4_150": 0.5797101449275363,
    "1.0_4.0_20_4_200": 0.5797101449275363,
    "1.0_4.0_20_4_250": 0.5797101449275363,
    "1.0_4.0_20_4_300": 0.5942028985507246,
    "1.0_4.0_20_4_350": 0.5797101449275363,
    "1.0_4.0_20_5_50": 0.5797101449275363,
    "1.0_4.0_20_5_100": 0.5652173913043478,
    "1.0_4.0_20_5_150": 0.5797101449275363,
    "1.0_4.0_20_5_200": 0.5797101449275363,
    "1.0_4.0_20_5_250": 0.5797101449275363,
    "1.0_4.0_20_5_300": 0.5942028985507246,
    "1.0_4.0_20_5_350": 0.5797101449275363,
    "1.0_4.0_25_3_50": 0.5797101449275363,
    "1.0_4.0_25_3_100": 0.5652173913043478,
    "1.0_4.0_25_3_150": 0.5797101449275363,
    "1.0_4.0_25_3_200": 0.5797101449275363,
    "1.0_4.0_25_3_250": 0.5797101449275363,
    "1.0_4.0_25_3_300": 0.5942028985507246,
    "1.0_4.0_25_3_350": 0.5797101449275363,
    "1.0_4.0_25_4_50": 0.5797101449275363,
    "1.0_4.0_25_4_100": 0.5652173913043478,
    "1.0_4.0_25_4_150": 0.5797101449275363,
    "1.0_4.0_25_4_200": 0.5797101449275363,
    "1.0_4.0_25_4_250": 0.5797101449275363,
    "1.0_4.0_25_4_300": 0.5942028985507246,
    "1.0_4.0_25_4_350": 0.5797101449275363,
    "1.0_4.0_25_5_50": 0.5797101449275363,
    "1.0_4.0_25_5_100": 0.5797101449275363,
    "1.0_4.0_25_5_150": 0.5797101449275363,
    "1.0_4.0_25_5_200": 0.5797101449275363,
    "1.0_4.0_25_5_250": 0.5797101449275363,
    "1.0_4.0_25_5_300": 0.5942028985507246,
    "1.0_4.0_25_5_350": 0.5797101449275363,
    "1.0_4.0_30_3_50": 0.5797101449275363,
    "1.0_4.0_30_3_100": 0.5652173913043478,
    "1.0_4.0_30_3_150": 0.5797101449275363,
    "1.0_4.0_30_3_200": 0.5797101449275363,
    "1.0_4.0_30_3_250": 0.5797101449275363,
    "1.0_4.0_30_3_300": 0.5942028985507246,
    "1.0_4.0_30_3_350": 0.5797101449275363,
    "1.0_4.0_30_4_50": 0.5797101449275363,
    "1.0_4.0_30_4_100": 0.5652173913043478,
    "1.0_4.0_30_4_150": 0.5797101449275363,
    "1.0_4.0_30_4_200": 0.5797101449275363,
    "1.0_4.0_30_4_250": 0.5797101449275363,
    "1.0_4.0_30_4_300": 0.5942028985507246,
    "1.0_4.0_30_4_350": 0.5797101449275363,